{
  "intensity": 0.93,
  "red": 0.53515625,
  "green": 0.38671875,
  "blue": 0.73046875,
  "worksInFluid": true
}