{
  "intensity": 1.0,
  "red": 0.265625,
  "green": 0.921875,
  "blue": 0.33984375,
  "worksInFluid": true
}